page,canonical_url,hubspot_path,hubspot_folder,src,raw_src,alt,title,width,height,loading,nearest_heading,parent_chain
site-content/site/com/hubspotpagebuilder/serendipitydevtestaccount-48067550/home.html,../../../com/hubspotpagebuilder/serendipitydevtestaccount-48067550/home.html,/hub/7528315/hubfs/raw_assets/public/mV0_d-cms-elevate-theme_hubspot/elevate/images/about-banner.png,raw_assets/public/mV0_d-cms-elevate-theme_hubspot/elevate/images,http://7528315.fs1.hubspotusercontent-na1.net/hub/7528315/hubfs/raw_assets/public/mV0_d-cms-elevate-theme_hubspot/elevate/images/about-banner.png?width=1232&height=414&name=about-banner.png,http://7528315.fs1.hubspotusercontent-na1.net/hub/7528315/hubfs/raw_assets/public/mV0_d-cms-elevate-theme_hubspot/elevate/images/about-banner.png?width=1232&height=414&name=about-banner.png,,,1232,414,eager,,span#hs_cos_wrapper_dnd_area-module-4_.hs_cos_wrapper.hs_cos_wrapper_widget.hs_cos_wrapper_type_linked_image > div#hs_cos_wrapper_dnd_area-module-4.hs_cos_wrapper.hs_cos_wrapper_widget.hs_cos_wrapper_type_module.widget-type-linked_image > div.span12.widget-span.widget-type-custom_widget.dnd_area-module-4-flexbox-positioning.dnd-module > div.row-fluid > div.row-fluid-wrapper.row-depth-1.row-number-4.dnd_area-row-1-padding.dnd-section > div.span12.widget-span.widget-type-cell
site-content/site/com/hubspotpagebuilder/serendipitydevtestaccount-48067550/home.html,../../../com/hubspotpagebuilder/serendipitydevtestaccount-48067550/home.html,/hubfs/7528309/raw_assets/public/mV0_d-cms-elevate-theme_hubspot/elevate/images/our-mission.png,7528309/raw_assets/public/mV0_d-cms-elevate-theme_hubspot/elevate/images,http://7528309.fs1.hubspotusercontent-na1.net/hubfs/7528309/raw_assets/public/mV0_d-cms-elevate-theme_hubspot/elevate/images/our-mission.png,http://7528309.fs1.hubspotusercontent-na1.net/hubfs/7528309/raw_assets/public/mV0_d-cms-elevate-theme_hubspot/elevate/images/our-mission.png,Our mission,,,,lazy,,div.hs-elevate-card-container__image-wrapper._hs-elevate-card-container__image-wrapper_wd0gz_50 > article.hs-elevate-card._hs-elevate-card_oqfoj_1.hs-elevate-card--variant-2.hs-elevate-card-container__card._hs-elevate-card-container__card--no-button_wd0gz_107.undefined > div.hs-elevate-card-container._hs-elevate-card-container_wd0gz_1._hs-elevate-card-container--bootstrap_wd0gz_8 > div#hs_cos_wrapper_dnd_area-module-10.hs_cos_wrapper.hs_cos_wrapper_widget.hs_cos_wrapper_type_module > div.span12.widget-span.widget-type-custom_widget.dnd-module > div.row-fluid
site-content/site/com/hubspotpagebuilder/serendipitydevtestaccount-48067550/home.html,../../../com/hubspotpagebuilder/serendipitydevtestaccount-48067550/home.html,/hubfs/7528311/raw_assets/public/mV0_d-cms-elevate-theme_hubspot/elevate/images/team-member-1.png,7528311/raw_assets/public/mV0_d-cms-elevate-theme_hubspot/elevate/images,http://7528311.fs1.hubspotusercontent-na1.net/hubfs/7528311/raw_assets/public/mV0_d-cms-elevate-theme_hubspot/elevate/images/team-member-1.png,http://7528311.fs1.hubspotusercontent-na1.net/hubfs/7528311/raw_assets/public/mV0_d-cms-elevate-theme_hubspot/elevate/images/team-member-1.png,,,,,lazy,,div.hs-elevate-card-container__image-wrapper._hs-elevate-card-container__image-wrapper_wd0gz_50 > article.hs-elevate-card._hs-elevate-card_oqfoj_1.hs-elevate-card--variant-1.hs-elevate-card-container__card._hs-elevate-card-container__card--no-button_wd0gz_107.undefined > div.hs-elevate-card-container._hs-elevate-card-container_wd0gz_1._hs-elevate-card-container--bootstrap_wd0gz_8 > div#hs_cos_wrapper_dnd_area-dnd_partial-15-module-6.hs_cos_wrapper.hs_cos_wrapper_widget.hs_cos_wrapper_type_module > div.span12.widget-span.widget-type-custom_widget.dnd-module > div.row-fluid
site-content/site/com/hubspotpagebuilder/serendipitydevtestaccount-48067550/home.html,../../../com/hubspotpagebuilder/serendipitydevtestaccount-48067550/home.html,/hubfs/7528309/raw_assets/public/mV0_d-cms-elevate-theme_hubspot/elevate/images/team-member-2.png,7528309/raw_assets/public/mV0_d-cms-elevate-theme_hubspot/elevate/images,http://7528309.fs1.hubspotusercontent-na1.net/hubfs/7528309/raw_assets/public/mV0_d-cms-elevate-theme_hubspot/elevate/images/team-member-2.png,http://7528309.fs1.hubspotusercontent-na1.net/hubfs/7528309/raw_assets/public/mV0_d-cms-elevate-theme_hubspot/elevate/images/team-member-2.png,,,,,lazy,,div.hs-elevate-card-container__image-wrapper._hs-elevate-card-container__image-wrapper_wd0gz_50 > article.hs-elevate-card._hs-elevate-card_oqfoj_1.hs-elevate-card--variant-1.hs-elevate-card-container__card._hs-elevate-card-container__card--no-button_wd0gz_107.undefined > div.hs-elevate-card-container._hs-elevate-card-container_wd0gz_1._hs-elevate-card-container--bootstrap_wd0gz_8 > div#hs_cos_wrapper_dnd_area-dnd_partial-15-module-6.hs_cos_wrapper.hs_cos_wrapper_widget.hs_cos_wrapper_type_module > div.span12.widget-span.widget-type-custom_widget.dnd-module > div.row-fluid
site-content/site/com/hubspotpagebuilder/serendipitydevtestaccount-48067550/home.html,../../../com/hubspotpagebuilder/serendipitydevtestaccount-48067550/home.html,/hubfs/7528315/raw_assets/public/mV0_d-cms-elevate-theme_hubspot/elevate/images/team-member-3.png,7528315/raw_assets/public/mV0_d-cms-elevate-theme_hubspot/elevate/images,http://7528315.fs1.hubspotusercontent-na1.net/hubfs/7528315/raw_assets/public/mV0_d-cms-elevate-theme_hubspot/elevate/images/team-member-3.png,http://7528315.fs1.hubspotusercontent-na1.net/hubfs/7528315/raw_assets/public/mV0_d-cms-elevate-theme_hubspot/elevate/images/team-member-3.png,,,,,lazy,,div.hs-elevate-card-container__image-wrapper._hs-elevate-card-container__image-wrapper_wd0gz_50 > article.hs-elevate-card._hs-elevate-card_oqfoj_1.hs-elevate-card--variant-1.hs-elevate-card-container__card._hs-elevate-card-container__card--no-button_wd0gz_107.undefined > div.hs-elevate-card-container._hs-elevate-card-container_wd0gz_1._hs-elevate-card-container--bootstrap_wd0gz_8 > div#hs_cos_wrapper_dnd_area-dnd_partial-15-module-6.hs_cos_wrapper.hs_cos_wrapper_widget.hs_cos_wrapper_type_module > div.span12.widget-span.widget-type-custom_widget.dnd-module > div.row-fluid
site-content/site/com/hubspotpagebuilder/serendipitydevtestaccount-48067550/home.html,../../../com/hubspotpagebuilder/serendipitydevtestaccount-48067550/home.html,/hubfs/7528311/raw_assets/public/mV0_d-cms-elevate-theme_hubspot/elevate/images/team-member-4.png,7528311/raw_assets/public/mV0_d-cms-elevate-theme_hubspot/elevate/images,http://7528311.fs1.hubspotusercontent-na1.net/hubfs/7528311/raw_assets/public/mV0_d-cms-elevate-theme_hubspot/elevate/images/team-member-4.png,http://7528311.fs1.hubspotusercontent-na1.net/hubfs/7528311/raw_assets/public/mV0_d-cms-elevate-theme_hubspot/elevate/images/team-member-4.png,,,,,lazy,,div.hs-elevate-card-container__image-wrapper._hs-elevate-card-container__image-wrapper_wd0gz_50 > article.hs-elevate-card._hs-elevate-card_oqfoj_1.hs-elevate-card--variant-1.hs-elevate-card-container__card._hs-elevate-card-container__card--no-button_wd0gz_107.undefined > div.hs-elevate-card-container._hs-elevate-card-container_wd0gz_1._hs-elevate-card-container--bootstrap_wd0gz_8 > div#hs_cos_wrapper_dnd_area-dnd_partial-15-module-6.hs_cos_wrapper.hs_cos_wrapper_widget.hs_cos_wrapper_type_module > div.span12.widget-span.widget-type-custom_widget.dnd-module > div.row-fluid
site-content/site/com/hubspotpagebuilder/serendipitydevtestaccount-48067550/home.html,../../../com/hubspotpagebuilder/serendipitydevtestaccount-48067550/home.html,/hubfs/7528304/raw_assets/public/mV0_d-cms-elevate-theme_hubspot/elevate/images/team-member-5.png,7528304/raw_assets/public/mV0_d-cms-elevate-theme_hubspot/elevate/images,http://7528304.fs1.hubspotusercontent-na1.net/hubfs/7528304/raw_assets/public/mV0_d-cms-elevate-theme_hubspot/elevate/images/team-member-5.png,http://7528304.fs1.hubspotusercontent-na1.net/hubfs/7528304/raw_assets/public/mV0_d-cms-elevate-theme_hubspot/elevate/images/team-member-5.png,,,,,lazy,,div.hs-elevate-card-container__image-wrapper._hs-elevate-card-container__image-wrapper_wd0gz_50 > article.hs-elevate-card._hs-elevate-card_oqfoj_1.hs-elevate-card--variant-1.hs-elevate-card-container__card._hs-elevate-card-container__card--no-button_wd0gz_107.undefined > div.hs-elevate-card-container._hs-elevate-card-container_wd0gz_1._hs-elevate-card-container--bootstrap_wd0gz_8 > div#hs_cos_wrapper_dnd_area-dnd_partial-15-module-7.hs_cos_wrapper.hs_cos_wrapper_widget.hs_cos_wrapper_type_module > div.span12.widget-span.widget-type-custom_widget.dnd-module > div.row-fluid
site-content/site/com/hubspotpagebuilder/serendipitydevtestaccount-48067550/home.html,../../../com/hubspotpagebuilder/serendipitydevtestaccount-48067550/home.html,/hubfs/7528315/raw_assets/public/mV0_d-cms-elevate-theme_hubspot/elevate/images/team-member-6.png,7528315/raw_assets/public/mV0_d-cms-elevate-theme_hubspot/elevate/images,http://7528315.fs1.hubspotusercontent-na1.net/hubfs/7528315/raw_assets/public/mV0_d-cms-elevate-theme_hubspot/elevate/images/team-member-6.png,http://7528315.fs1.hubspotusercontent-na1.net/hubfs/7528315/raw_assets/public/mV0_d-cms-elevate-theme_hubspot/elevate/images/team-member-6.png,,,,,lazy,,div.hs-elevate-card-container__image-wrapper._hs-elevate-card-container__image-wrapper_wd0gz_50 > article.hs-elevate-card._hs-elevate-card_oqfoj_1.hs-elevate-card--variant-1.hs-elevate-card-container__card._hs-elevate-card-container__card--no-button_wd0gz_107.undefined > div.hs-elevate-card-container._hs-elevate-card-container_wd0gz_1._hs-elevate-card-container--bootstrap_wd0gz_8 > div#hs_cos_wrapper_dnd_area-dnd_partial-15-module-7.hs_cos_wrapper.hs_cos_wrapper_widget.hs_cos_wrapper_type_module > div.span12.widget-span.widget-type-custom_widget.dnd-module > div.row-fluid
site-content/site/com/hubspotpagebuilder/serendipitydevtestaccount-48067550/home.html,../../../com/hubspotpagebuilder/serendipitydevtestaccount-48067550/home.html,/hubfs/7528304/raw_assets/public/mV0_d-cms-elevate-theme_hubspot/elevate/images/team-member-7.png,7528304/raw_assets/public/mV0_d-cms-elevate-theme_hubspot/elevate/images,http://7528304.fs1.hubspotusercontent-na1.net/hubfs/7528304/raw_assets/public/mV0_d-cms-elevate-theme_hubspot/elevate/images/team-member-7.png,http://7528304.fs1.hubspotusercontent-na1.net/hubfs/7528304/raw_assets/public/mV0_d-cms-elevate-theme_hubspot/elevate/images/team-member-7.png,,,,,lazy,,div.hs-elevate-card-container__image-wrapper._hs-elevate-card-container__image-wrapper_wd0gz_50 > article.hs-elevate-card._hs-elevate-card_oqfoj_1.hs-elevate-card--variant-1.hs-elevate-card-container__card._hs-elevate-card-container__card--no-button_wd0gz_107.undefined > div.hs-elevate-card-container._hs-elevate-card-container_wd0gz_1._hs-elevate-card-container--bootstrap_wd0gz_8 > div#hs_cos_wrapper_dnd_area-dnd_partial-15-module-7.hs_cos_wrapper.hs_cos_wrapper_widget.hs_cos_wrapper_type_module > div.span12.widget-span.widget-type-custom_widget.dnd-module > div.row-fluid
site-content/site/com/hubspotpagebuilder/serendipitydevtestaccount-48067550/home.html,../../../com/hubspotpagebuilder/serendipitydevtestaccount-48067550/home.html,/hubfs/7528309/raw_assets/public/mV0_d-cms-elevate-theme_hubspot/elevate/images/team-member-8.png,7528309/raw_assets/public/mV0_d-cms-elevate-theme_hubspot/elevate/images,http://7528309.fs1.hubspotusercontent-na1.net/hubfs/7528309/raw_assets/public/mV0_d-cms-elevate-theme_hubspot/elevate/images/team-member-8.png,http://7528309.fs1.hubspotusercontent-na1.net/hubfs/7528309/raw_assets/public/mV0_d-cms-elevate-theme_hubspot/elevate/images/team-member-8.png,,,,,lazy,,div.hs-elevate-card-container__image-wrapper._hs-elevate-card-container__image-wrapper_wd0gz_50 > article.hs-elevate-card._hs-elevate-card_oqfoj_1.hs-elevate-card--variant-1.hs-elevate-card-container__card._hs-elevate-card-container__card--no-button_wd0gz_107.undefined > div.hs-elevate-card-container._hs-elevate-card-container_wd0gz_1._hs-elevate-card-container--bootstrap_wd0gz_8 > div#hs_cos_wrapper_dnd_area-dnd_partial-15-module-7.hs_cos_wrapper.hs_cos_wrapper_widget.hs_cos_wrapper_type_module > div.span12.widget-span.widget-type-custom_widget.dnd-module > div.row-fluid
